{
  "version": 1,
  "author": "Davis Junior",
  "editor": "wokwi",
  "parts": [
    { "type": "wokwi-breadboard", "id": "bb1", "top": -147, "left": -122, "attrs": {} },
    { "type": "wokwi-arduino-uno", "id": "uno", "top": -143.4, "left": -423, "attrs": {} },
    { "type": "wokwi-dht22", "id": "dht1", "top": -1372.5, "left": -5823, "attrs": {} },
    {
      "type": "wokwi-lcd1602",
      "id": "lcd1",
      "top": -598.4,
      "left": -6752.8,
      "attrs": { "pins": "i2c" }
    },
    {
      "type": "wokwi-led",
      "id": "led1",
      "top": -70.8,
      "left": 253.4,
      "attrs": { "color": "red" }
    },
    {
      "type": "wokwi-led",
      "id": "led2",
      "top": -70.8,
      "left": 157.4,
      "attrs": { "color": "yellow" }
    },
    {
      "type": "wokwi-led",
      "id": "led3",
      "top": -70.8,
      "left": 80.6,
      "attrs": { "color": "green" }
    },
    { "type": "wokwi-lcd1602", "id": "lcd2", "top": -322.97, "left": -89.6, "attrs": {} },
    {
      "type": "wokwi-resistor",
      "id": "r1",
      "top": -5.65,
      "left": 115.2,
      "attrs": { "value": "220" }
    },
    {
      "type": "wokwi-resistor",
      "id": "r2",
      "top": -5.65,
      "left": 211.2,
      "attrs": { "value": "220" }
    },
    { "type": "wokwi-dht22", "id": "dht2", "top": -191.7, "left": 321, "attrs": {} },
    {
      "type": "wokwi-resistor",
      "id": "r4",
      "top": -5.65,
      "left": 38.4,
      "attrs": { "value": "220" }
    }
  ],
  "connections": [
    [ "uno:7", "bb1:47t.d", "magenta", [ "v86.4", "h579.6" ] ],
    [ "bb1:49t.d", "bb1:bn.40", "black", [ "v0" ] ],
    [ "bb1:bn.1", "uno:GND.3", "black", [ "v0" ] ],
    [ "lcd2:VSS", "bb1:bn.3", "black", [ "v0" ] ],
    [ "lcd2:V0", "bb1:bn.5", "black", [ "v0" ] ],
    [ "bb1:46t.d", "bb1:bn.37", "red", [ "v0" ] ],
    [ "dht2:VCC", "bb1:46t.c", "", [ "$bb" ] ],
    [ "dht2:SDA", "bb1:47t.c", "", [ "$bb" ] ],
    [ "dht2:NC", "bb1:48t.c", "", [ "$bb" ] ],
    [ "dht2:GND", "bb1:49t.c", "", [ "$bb" ] ],
    [ "r1:1", "bb1:23b.i", "", [ "$bb" ] ],
    [ "r1:2", "bb1:29b.i", "", [ "$bb" ] ],
    [ "bb1:23b.j", "bb1:bn.18", "black", [ "v0" ] ],
    [ "r2:1", "bb1:33b.i", "", [ "$bb" ] ],
    [ "r2:2", "bb1:39b.i", "", [ "$bb" ] ],
    [ "bb1:33b.j", "bb1:bn.26", "black", [ "v0" ] ],
    [ "uno:8", "bb1:22b.h", "gold", [ "v220.8", "h355.6" ] ],
    [ "uno:9", "bb1:30b.h", "orange", [ "v240", "h442.4" ] ],
    [ "uno:10", "bb1:40b.h", "cyan", [ "v259.2", "h557.5" ] ],
    [ "r4:1", "bb1:15b.i", "", [ "$bb" ] ],
    [ "r4:2", "bb1:21b.i", "", [ "$bb" ] ],
    [ "led1:A", "bb1:40b.f", "", [ "$bb" ] ],
    [ "led1:C", "bb1:39b.f", "", [ "$bb" ] ],
    [ "bb1:15b.j", "bb1:bn.11", "black", [ "v0" ] ],
    [ "bb1:39b.h", "bb1:39b.g", "black", [ "v0" ] ],
    [ "bb1:21b.h", "bb1:21b.g", "black", [ "v0" ] ],
    [ "bb1:29b.h", "bb1:29b.g", "black", [ "v0" ] ],
    [ "led3:A", "bb1:22b.f", "", [ "$bb" ] ],
    [ "led3:C", "bb1:21b.f", "", [ "$bb" ] ],
    [ "led2:A", "bb1:30b.f", "", [ "$bb" ] ],
    [ "led2:C", "bb1:29b.f", "", [ "$bb" ] ],
    [ "uno:5V", "bb1:bp.2", "red", [ "v-0.1", "h167", "v-9.6" ] ],
    [ "lcd2:VDD", "bb1:bp.4", "red", [ "v0" ] ],
    [ "uno:12", "lcd2:RS", "violet", [ "v-28.8", "h259.7" ] ],
    [ "uno:GND.1", "lcd2:RW", "black", [ "v-38.4", "h288.3" ] ],
    [ "uno:11", "lcd2:E", "purple", [ "v-19.2", "h269.4" ] ],
    [ "lcd2:A", "bb1:bp.10", "red", [ "v211.2", "h-57.7" ] ],
    [ "lcd2:D5", "uno:4", "green", [ "v9.6", "h-249.5" ] ],
    [ "uno:5", "lcd2:D4", "green", [ "v-9.6", "h253.4" ] ],
    [ "lcd2:D7", "uno:2", "green", [ "v67.2", "h-258.9" ] ],
    [ "uno:3", "lcd2:D6", "green", [ "v19.2", "h253.6" ] ],
    [ "lcd2:K", "bb1:bn.15", "black", [ "v0" ] ]
  ],
  "dependencies": {}
}